[
	{
		"commandHash": "e1280f539e9326838a88c2750d8b24",
		"commandString": "sh ./download_grafana.sh",
		"description": "Download Grafana",
		"duration": -1,
		"workingDirectory": "data",
		"status": "Idle"
	},
	{
		"commandHash": "14bd99d6bb9af5bab7e39a0fec21ef",
		"commandString": "sh ./install_grafana.sh",
		"description": "Install Grafana",
		"duration": -1,
		"workingDirectory": "data",
		"status": "Idle"
	},
	{
		"commandHash": "b1d261290dc969aae3b3e82f7974af",
		"commandString": "sh ./setup_grafana.sh",
		"description": "Setup Grafana",
		"duration": 284299528,
		"workingDirectory": "data",
		"status": "Idle"
	},
	{
		"commandHash": "7a359bb41af6c737d345923b0632b3",
		"commandString": "sh ./setup_grafana_service.sh",
		"description": "Setup Grafana service",
		"duration": 1307935676,
		"workingDirectory": "data",
		"status": "Idle"
	}
]