[
	{
		"commandHash": "8720730f139801017c92100d533c00",
		"commandString": "sh ./download_prometheus.sh",
		"description": "Download Prometheus",
		"duration": 8004000636,
		"workingDirectory": "data",
		"status": "Idle"
	},
	{
		"commandHash": "7d92457a583917879760d5f0b26d38",
		"commandString": "sh ./setup_prometheus.sh",
		"description": "Setup Prometheus",
		"duration": 58890808,
		"workingDirectory": "data",
		"status": "Idle"
	},
	{
		"commandHash": "07b3762c2237ed648e6e997c0e7b74",
		"commandString": "sh ./install_prometheus.sh",
		"description": "Install Prometheus",
		"duration": 308818434,
		"workingDirectory": "data",
		"status": "Idle"
	},
	{
		"commandHash": "36d8abcc22f20deba6dd802582e176",
		"commandString": "sh ./install_prometheus_ui.sh",
		"description": "Install Prometheus UI",
		"duration": 68319279,
		"workingDirectory": "data",
		"status": "Idle"
	},
	{
		"commandHash": "cd8200b089220c5386392d1acfaacf",
		"commandString": "sh ./validate_prometheus_installation.sh",
		"description": "Validate Prometheus installation",
		"duration": 12696053,
		"workingDirectory": "data",
		"status": "Idle"
	},
	{
		"commandHash": "5e269507e86d449965058ce4497b06",
		"commandString": "sh ./setup_prometheus_configuration.sh",
		"description": "Setup Prometheus Configuration",
		"duration": 39630784,
		"workingDirectory": "data",
		"status": "Idle"
	},
	{
		"commandHash": "cb12137837f0192294d40a87443550",
		"commandString": "sh ./setup_prometheus_service_file.sh",
		"description": "Setup Prometheus Service File",
		"duration": 1480131415,
		"workingDirectory": "data",
		"status": "Idle"
	},
	{
		"commandHash": "c9b341bc18096a7ffb535133a5c9c2",
		"commandString": "sh ./access_prometheus_web_ui.sh",
		"description": "Access Prometheus Web UI",
		"duration": 19608978,
		"workingDirectory": "data",
		"status": "Idle"
	}
]